x,res
-10.0,-0.5533298629212703
-9.99,-0.5840205377096579
-9.98,-0.6157599525895792
-9.97,-0.6486302724257401
-9.96,-0.6827167925749742
-9.950000000000001,-0.71810844702722
-9.940000000000001,-0.7548983632670517
-9.930000000000001,-0.7931844711416413
-9.920000000000002,-0.8330701741445592
-9.910000000000002,-0.8746650928038867
-9.900000000000002,-0.9180858914628965
-9.890000000000002,-0.9634572016094148
-9.880000000000003,-1.0109126571754956
-9.870000000000003,-1.0605960599597144
-9.860000000000003,-1.1126626965933049
-9.850000000000003,-1.1672808324924795
-9.840000000000003,-1.2246334130728824
-9.830000000000004,-1.2849200084538523
-9.820000000000004,-1.3483590452152252
-9.810000000000004,-1.4151903777044281
-9.800000000000004,-1.4856782626574039
-9.790000000000004,-1.5601148147316373
-9.780000000000005,-1.6388240381383725
-9.770000000000005,-1.7221665514336268
-9.760000000000005,-1.810545150575573
-9.750000000000005,-1.9044113909708784
-9.740000000000006,-2.0042734151019443
-9.730000000000006,-2.1107053116744496
-9.720000000000006,-2.224358369714897
-9.710000000000006,-2.3459746930099894
-9.700000000000006,-2.4764037754329484
-9.690000000000007,-2.616622818965321
-9.680000000000007,-2.767761821197376
-9.670000000000007,-2.9311347940237913
-9.660000000000007,-3.1082789385238554
-9.650000000000007,-3.3010042490006946
-9.640000000000008,-3.511456938604274
-9.630000000000008,-3.7422014013241176
-9.620000000000008,-3.9963273571241293
-9.610000000000008,-4.27759169789211
-9.600000000000009,-4.5906088973100605
-9.590000000000009,-4.941110560239551
-9.580000000000009,-5.336305291442502
-9.57000000000001,-5.785387240237727
-9.56000000000001,-6.300270285950047
-9.55000000000001,-6.896673999357358
-9.54000000000001,-7.595775092522949
-9.53000000000001,-8.42680055378904
-9.52000000000001,-9.431273363006259
-9.51000000000001,-10.670142685803004
-9.50000000000001,-12.236839794253294
-9.49000000000001,-14.282068137107473
-9.480000000000011,-17.06569242767372
-9.470000000000011,-21.07743307016845
-9.460000000000012,-27.363160532068488
-9.450000000000012,-38.62739985237959
-9.440000000000012,-64.68150372917546
-9.430000000000012,-190.4891327813413
-9.420000000000012,210.2938607998396
-9.410000000000013,68.65621456924816
-9.400000000000013,41.3373403322796
-9.390000000000013,29.723725470047555
-9.380000000000013,23.29312110103676
-9.370000000000013,19.206520925255248
-9.360000000000014,16.378877468751455
-9.350000000000014,14.30472504389438
-9.340000000000014,12.717353437891363
-9.330000000000014,11.46261179481524
-9.320000000000014,10.445195854820632
-9.310000000000015,9.603013179342508
-9.300000000000015,8.893874855094099
-9.290000000000015,8.288111693828883
-9.280000000000015,7.764250463271816
-9.270000000000016,7.30636622766972
-9.260000000000016,6.902398768051202
-9.250000000000016,6.54304696334593
-9.240000000000016,6.221022183281878
-9.230000000000016,5.930531671152976
-9.220000000000017,5.666913298835672
-9.210000000000017,5.42637235960256
-9.200000000000017,5.205788622716104
-9.190000000000017,5.002572701224933
-9.180000000000017,4.814557630973342
-9.170000000000018,4.639915986862432
-9.160000000000018,4.477095785129578
-9.150000000000018,4.324770386225435
-9.140000000000018,4.181798956906102
-9.130000000000019,4.047194984353107
-9.120000000000019,3.920100993129714
-9.110000000000019,3.799768085702521
-9.10000000000002,3.685539267126469
-9.09000000000002,3.576835762772828
-9.08000000000002,3.473145721607815
-9.07000000000002,3.37401483446404
-9.06000000000002,3.279038500025176
-9.05000000000002,3.187855249575371
-9.04000000000002,3.100141201697305
-9.03000000000002,3.0156053644593737
-9.020000000000021,2.93398563870147
-9.010000000000021,2.855045404289145
-9.000000000000021,2.7785705934357976
-8.990000000000022,2.704367172890144
-8.980000000000022,2.632258970833286
-8.970000000000022,2.5620857956322993
-8.960000000000022,2.493701802750332
-8.950000000000022,2.426974073429541
-8.940000000000023,2.3617813748554166
-8.930000000000023,2.2980130763750375
-8.920000000000023,2.235568200441315
-8.910000000000023,2.174354590256269
-8.900000000000023,2.1142881788945314
-8.890000000000024,2.055292346989672
-8.880000000000024,1.9972973579773172
-8.870000000000024,1.9402398615488274
-8.860000000000024,1.8840624573049676
-8.850000000000025,1.8287133117816023
-8.840000000000025,1.7741458229891371
-8.830000000000025,1.7203183274559877
-8.820000000000025,1.6671938455008308
-8.810000000000025,1.6147358006796184
-8.800000000000026,1.5629242926678377
-8.790000000000026,1.511730902521738
-8.780000000000026,1.4611354863376222
-8.770000000000026,1.4111217730612065
-8.760000000000026,1.3616772790009197
-8.750000000000027,1.3127932442894754
-8.740000000000027,1.2644645903343323
-8.730000000000027,1.216689897561765
-8.720000000000027,1.1694714029922093
-8.710000000000027,1.1228150174090676
-8.700000000000028,1.0767303621134547
-8.690000000000028,1.031230825470573
-8.680000000000028,0.9863336396698006
-8.670000000000028,0.9420599783608645
-8.660000000000029,0.8984378791810389
-8.650000000000029,0.8554910236233213
-8.640000000000029,0.8132561760512156
-8.63000000000003,0.7717717053309078
-8.62000000000003,0.7310807627883694
-8.61000000000003,0.6912315327681512
-8.60000000000003,0.6522775160763524
-8.59000000000003,0.6142778494089984
-8.58000000000003,0.5772976643148349
-8.57000000000003,0.5414084897810988
-8.56000000000003,0.5066887031206143
-8.550000000000031,0.4732240345109799
-8.540000000000031,0.44110813131625637
-8.530000000000031,0.4104431892023528
-8.520000000000032,0.3813406580785564
-8.510000000000032,0.3539220320653335
-8.500000000000032,0.32831973405140225
-8.490000000000032,0.3046781069701686
-8.480000000000032,0.2831545257534209
-8.470000000000033,0.26392064604791465
-8.460000000000033,0.2471638082691464
-8.450000000000033,0.23308861847439383
-8.440000000000033,0.22191873095996653
-8.430000000000033,0.21389886151362852
-8.420000000000034,0.2092970650073745
-8.410000000000034,0.20840731664700413
-8.400000000000034,0.21155244287945746
-8.390000000000034,0.21908745592472478
-8.380000000000035,0.2314033554136458
-8.370000000000035,0.24893147201258248
-8.360000000000035,0.2721484416368397
-8.350000000000035,0.3015819153901539
-8.340000000000035,0.33781713040957495
-8.330000000000036,0.381504491132847
-8.320000000000036,0.43336834020437603
-8.310000000000036,0.49421713461151023
-8.300000000000036,0.5649552873523007
-8.290000000000036,0.6465969901806414
-8.280000000000037,0.7402824014797336
-8.270000000000037,0.8472966687060253
-8.260000000000037,0.9690923617682667
-8.250000000000037,1.1073160283134365
-8.240000000000038,1.2638397521976321
-8.230000000000038,1.4407988131556546
-8.220000000000038,1.6406368230958635
-8.210000000000038,1.8661600716651303
-8.200000000000038,2.120603276875313
-8.190000000000039,2.4077095408213927
-8.180000000000039,2.7318281049887996
-8.170000000000039,3.098034551716379
-8.16000000000004,3.512279503141508
-8.15000000000004,3.9815737605625037
-8.14000000000004,4.514220397232396
-8.13000000000004,5.1201078438197
-8.12000000000004,5.811082892622844
-8.11000000000004,6.601359216822443
-8.10000000000004,7.50840991964721
-8.09000000000004,8.553379804969845
-8.080000000000041,9.762414969215179
-8.070000000000041,11.168030346898332
-8.060000000000041,12.81104496706388
-8.050000000000042,14.74323490143585
-8.040000000000042,17.03102366829475
-8.030000000000042,19.760699056494545
-8.020000000000042,23.045919977198118
-8.010000000000042,27.03873397759734
-8.000000000000043,31.946107893209636
-7.990000000000043,38.05535361081001
-7.980000000000043,45.774351120605985
-7.970000000000043,55.6972607542286
-7.9600000000000435,68.71594102433336
-7.950000000000044,86.21780988034843
-7.940000000000044,110.45155862489729
-7.930000000000044,145.25991778593743
-7.920000000000044,197.64035397522605
-7.9100000000000446,281.43190871672164
-7.900000000000045,427.1889854260899
-7.890000000000045,713.69659131778
-7.880000000000045,1398.6939514060123
-7.870000000000045,3770.6663541232915
-7.860000000000046,27271.726064537477
-7.850000000000046,63588.522122622875
-7.840000000000046,5257.038635342263
-7.830000000000046,1820.5003609707592
-7.8200000000000465,923.1247401785962
-7.810000000000047,560.6889578634277
-7.800000000000047,378.45284297170326
-7.790000000000047,273.75617151715255
-7.780000000000047,207.93972266173154
-7.7700000000000475,163.78554768833092
-7.760000000000048,132.67021429751915
-7.750000000000048,109.8817490183211
-7.740000000000048,92.66603241837711
-7.730000000000048,79.32441625902993
-7.720000000000049,68.7621958993204
-7.710000000000049,60.24759511502157
-7.700000000000049,53.27606314139073
-7.690000000000049,47.490359314057365
-7.6800000000000495,42.63165330241418
-7.67000000000005,38.50859702110997
-7.66000000000005,34.9771900771876
-7.65000000000005,31.927334251090063
-7.64000000000005,29.273649771682376
-7.6300000000000505,26.94907465808865
-7.620000000000051,24.900322038304523
-7.610000000000051,23.084602767270788
-7.600000000000051,21.467225388110904
-7.590000000000051,20.01981448815301
-7.580000000000052,18.718971511930967
-7.570000000000052,17.545256533343537
-7.560000000000052,16.482405820419505
-7.550000000000052,15.516724665053017
-7.540000000000052,14.636611908913176
-7.530000000000053,13.832184430552726
-7.520000000000053,13.094978222845633
-7.510000000000053,12.417708671470347
-7.500000000000053,11.794076971362427
-7.4900000000000535,11.218612778960917
-7.480000000000054,10.686545530610465
-7.470000000000054,10.19369859430619
-7.460000000000054,9.736401726473161
-7.450000000000054,9.311418293296855
-7.440000000000055,8.915884469780499
-7.430000000000055,8.547258209135983
-7.420000000000055,8.203256446932983
-7.410000000000055,7.881900307348883
-7.400000000000055,7.581357619325981
-7.390000000000056,7.300003844585434
-7.380000000000056,7.036376806361517
-7.370000000000056,6.78915726129839
-7.360000000000056,6.55715215102552
-7.3500000000000565,6.339280118149672
-7.340000000000057,6.134558942598488
-7.330000000000057,5.942094612185922
-7.320000000000057,5.761071788449117
-7.310000000000057,5.590745467567088
-7.3000000000000576,5.430433667995749
-7.290000000000058,5.279511002791782
-7.280000000000058,5.1374030163934385
-7.270000000000058,5.003581183785277
-7.260000000000058,4.877558485110516
-7.250000000000059,4.7588854815091395
-7.240000000000059,4.647132362791004
-7.230000000000059,4.541944879218796
-7.220000000000059,4.442951167181784
-7.2100000000000595,4.349820856647318
-7.20000000000006,4.262247116937148
-7.19000000000006,4.179944675291049
-7.18000000000006,4.102648039002734
-7.17000000000006,4.0301098981320695
-7.1600000000000605,3.962099688719005
-7.150000000000061,3.8984022989745273
-7.140000000000061,3.8388169030956374
-7.130000000000061,3.7831559092487064
-7.120000000000061,3.731244009908053
-7.110000000000062,3.682917324164798
-7.100000000000062,3.638022622868342
-7.090000000000062,3.59641662855093
-7.080000000000062,3.5579653830487423
-7.0700000000000625,3.522543676568295
-7.060000000000063,3.490034532695087
-7.050000000000063,3.4603287445000386
-7.040000000000063,3.433324457483945
-7.030000000000063,3.4089267956271296
-7.0200000000000635,3.3870475272777156
-7.010000000000064,3.367604768048202
-7.000000000000064,3.350522718263942
-6.990000000000064,3.335731432875284
-6.980000000000064,3.323166622067714
-6.970000000000065,3.312769481116157
-6.960000000000065,3.30448654832006
-6.950000000000065,3.298269590136596
-6.940000000000065,3.2940755129028547
-6.930000000000065,3.2918663008083633
-6.920000000000066,3.291608980045842
-6.910000000000066,3.2932756093514044
-6.900000000000066,3.296843297426322
-6.890000000000066,3.3022942480380992
-6.8800000000000665,3.3096158339210775
-6.870000000000067,3.3188007009484988
-6.860000000000067,3.32984690443348
-6.850000000000067,3.342758079844307
-6.840000000000067,3.3575436507029623
-6.830000000000068,3.374219076979383
-6.820000000000068,3.3928061479187415
-6.810000000000068,3.4133333239561257
-6.800000000000068,3.4358361332019505
-6.790000000000068,3.460357628952737
-6.780000000000069,3.4869489158102747
-6.770000000000069,3.5156697533301005
-6.760000000000069,3.546589247694451
-6.750000000000069,3.579786643780776
-6.7400000000000695,3.615346153589665
-6.73000000000007,3.653382462313314
-6.72000000000007,3.6940049880027073
-6.71000000000007,3.7373440302268426
-6.70000000000007,3.783546110939411
-6.690000000000071,3.83277579149369
-6.680000000000071,3.8852177729679847
-6.670000000000071,3.941079330552584
-6.660000000000071,4.000593143563792
-6.650000000000071,4.064020596115659
-6.640000000000072,4.131655640336003
-6.630000000000072,4.203829335240091
-6.620000000000072,4.2809152012771206
-6.610000000000072,4.363335564862041
-6.6000000000000725,4.451569111250191
-6.590000000000073,4.546159921076106
-6.580000000000073,4.647728340101698
-6.570000000000073,4.756984129246074
-6.560000000000073,4.874742471189481
-6.5500000000000735,5.001943582659132
-6.540000000000074,5.139665110708778
-6.530000000000074,5.289198738622443
-6.520000000000074,5.4520191152277295
-6.510000000000074,5.629876792636072
-6.500000000000075,5.824847976339795
-6.490000000000075,6.039413111093598
-6.480000000000075,6.276559429928865
-6.470000000000075,6.539916445028436
-6.4600000000000755,6.833937421613149
-6.450000000000076,7.164146130197167
-6.440000000000076,7.537478016229845
-6.430000000000076,7.9627608040523805
-6.420000000000076,8.451405874968984
-6.4100000000000765,9.018426763211384
-6.400000000000077,9.683980790886908
-6.390000000000077,10.475776674677142
-6.380000000000077,11.43297422596524
-6.370000000000077,12.612779237111614
-6.360000000000078,14.102189623272697
-6.350000000000078,16.040289629268027
-6.340000000000078,18.66408804365363
-6.330000000000078,22.413104528046464
-6.320000000000078,28.20440764908816
-6.310000000000079,38.32306516958961
-6.300000000000079,60.48993628230468
-6.290000000000079,147.74272691598824
-6.280000000000079,-312.9753852211154
-6.2700000000000795,-74.85922769350775
-6.26000000000008,-42.15886947355611
-6.25000000000008,-29.173885282135238
-6.24000000000008,-22.20842925877359
-6.23000000000008,-17.867189685994248
-6.220000000000081,-14.904296856668282
-6.210000000000081,-12.75482375696996
-6.200000000000081,-11.125491693034128
-6.190000000000081,-9.848912574009672
-6.180000000000081,-8.822586374402832
-6.170000000000082,-7.9802363811332295
-6.160000000000082,-7.277106245738515
-6.150000000000082,-6.681880729831689
-6.140000000000082,-6.171991965406518
-6.1300000000000825,-5.730764171922345
-6.120000000000083,-5.345608203675574
-6.110000000000083,-5.006841594155379
-6.100000000000083,-4.706895077648181
-6.090000000000083,-4.439765549015523
-6.080000000000084,-4.200630560134362
-6.070000000000084,-3.9855713116984486
-6.060000000000084,-3.7913769805132893
-6.050000000000084,-3.6153661499873917
-6.040000000000084,-3.4553167728544194
-6.030000000000085,-3.309350078191551
-6.020000000000085,-3.1758714321189183
-6.010000000000085,-3.0535182386344095
-6.000000000000085,-2.941118875617667
-5.9900000000000855,-2.8376600311014113
-5.980000000000086,-2.742260500154077
-5.970000000000086,-2.654149998179025
-5.960000000000086,-2.572651903915512
-5.950000000000086,-2.497169106345397
-5.9400000000000865,-2.4271723222008035
-5.930000000000087,-2.362190394206193
-5.920000000000087,-2.301802188081295
-5.910000000000087,-2.2456297882019736
-5.900000000000087,-2.193332754456026
-5.890000000000088,-2.1446032511318114
-5.880000000000088,-2.099161896194309
-5.870000000000088,-2.056754208646367
-5.860000000000088,-2.0171475547745787
-5.8500000000000885,-1.9801259757861231
-5.840000000000089,-1.9454983673054445
-5.830000000000089,-1.913080283723627
-5.820000000000089,-1.8827033798101533
-5.810000000000089,-1.8542109937583773
-5.8000000000000895,-1.8274568089345666
-5.79000000000009,-1.8023036720430754
-5.78000000000009,-1.7786225455132358
-5.77000000000009,-1.7562915753335835
-5.76000000000009,-1.7351952583888797
-5.750000000000091,-1.7152236957015685
-5.740000000000091,-1.696271919933502
-5.730000000000091,-1.678239287133874
-5.720000000000091,-1.6610289240842349
-5.7100000000000914,-1.6445472237356726
-5.700000000000092,-1.6287033821944168
-5.690000000000092,-1.6134089715203888
-5.680000000000092,-1.5985775432829683
-5.670000000000092,-1.5841242583896848
-5.6600000000000925,-1.569965539182974
-5.650000000000093,-1.5560187402009777
-5.640000000000093,-1.5422018343319654
-5.630000000000093,-1.528433111366445
-5.620000000000093,-1.5146308861749096
-5.610000000000094,-1.5007132139171941
-5.600000000000094,-1.486597609827239
-5.590000000000094,-1.472200771217784
-5.580000000000094,-1.4574382994163084
-5.570000000000094,-1.4422244193785816
-5.560000000000095,-1.4264716947302656
-5.550000000000095,-1.4100907359618953
-5.540000000000095,-1.392989899447157
-5.530000000000095,-1.375074974869415
-5.5200000000000955,-1.3562488585250887
-5.510000000000096,-1.3364112098232084
-5.500000000000096,-1.3154580881165963
-5.490000000000096,-1.2932815667779063
-5.480000000000096,-1.2697693211700434
-5.470000000000097,-1.2448041868505655
-5.460000000000097,-1.2182636839881473
-5.450000000000097,-1.1900195035493621
-5.440000000000097,-1.159936950328475
-5.430000000000097,-1.1278743373320121
-5.420000000000098,-1.0936823253826962
-5.410000000000098,-1.057203201061529
-5.400000000000098,-1.0182675689241607
-5.390000000000098,-0.9767035451464994
-5.3800000000000985,-0.9323207025125386
-5.370000000000099,-0.8849190841083691
-5.360000000000099,-0.8342855143992893
-5.350000000000099,-0.780192303912779
-5.340000000000099,-0.7223958108273016
-5.3300000000000995,-0.6606348404592268
-5.3200000000001,-0.5946288608277173
-5.3100000000001,-0.5240760091857506
-5.3000000000001,-0.4486508605508263
-5.2900000000001,-0.3680019247357886
-5.280000000000101,-0.28174883304315823
-5.270000000000101,-0.18947916947991245
-5.260000000000101,-0.09074489388132079
-5.250000000000101,0.014941704537765554
-5.2400000000001015,0.1281125952578539
-5.230000000000102,0.24934922083963953
-5.220000000000102,0.3792884374479982
-5.210000000000102,0.5186292995642898
-5.200000000000102,0.6681408289314226
-5.1900000000001025,0.8286709344202035
-5.180000000000103,1.0011566819139355
-5.170000000000103,1.1866185088588903
-5.160000000000103,1.3862440938734262
-5.150000000000103,1.6012997601252181
-5.140000000000104,1.8332183519779572
-5.130000000000104,2.0836037774083005
-5.120000000000104,2.354256546898428
-5.110000000000104,2.6472038654834815
-5.1000000000001044,2.9647352295886695
-5.090000000000105,3.309444710016116
-5.080000000000105,3.684281395478174
-5.070000000000105,4.092609847165295
-5.060000000000105,4.538282900620609
-5.0500000000001055,5.025729782927523
-5.040000000000106,5.560063340618075
-5.030000000000106,6.147211265574684
-5.020000000000106,6.794077658563929
-5.010000000000106,7.508743218291643
-5.000000000000107,8.300714980841692
-4.990000000000107,9.181240137588544
-4.980000000000107,10.163703433479427
-4.970000000000107,11.264134587932114
-4.960000000000107,12.501861977955274
-4.950000000000108,13.900362826419757
-4.940000000000108,15.488380422684477
-4.930000000000108,17.301408711802925
-4.920000000000108,19.3836890834346
-4.9100000000001085,21.790931741682588
-4.900000000000109,24.594078497797966
-4.890000000000109,27.884588660471618
-4.880000000000109,31.781995625620414
-4.870000000000109,36.44492142307367
-4.86000000000011,42.087483379508384
-4.85000000000011,49.00433502049761
-4.84000000000011,57.609953353775346
-4.83000000000011,68.50224855442964
-4.82000000000011,82.56936019657135
-4.810000000000111,101.17671400365954
-4.800000000000111,126.51147576496412
-4.790000000000111,162.256188005756
-4.780000000000111,215.00714645506466
-4.7700000000001115,297.55193092032516
-4.760000000000112,437.4190384162613
-4.750000000000112,703.165250026338
-4.740000000000112,1307.9104330071664
-4.730000000000112,3220.2618126007837
-4.7200000000001125,17255.581062924142
-4.710000000000113,175324.60871328766
-4.700000000000113,6512.324982565123
-4.690000000000113,1991.4363526393563
-4.680000000000113,949.6701206087248
-4.670000000000114,552.9559764921859
-4.660000000000114,360.78044717961296
-4.650000000000114,253.35668934035357
-4.640000000000114,187.29634093998692
-4.6300000000001145,143.80192157654693
-4.620000000000115,113.65688619474624
-4.610000000000115,91.91128309436846
-4.600000000000115,75.71368445700443
-4.590000000000115,63.327512573251035
-4.5800000000001155,53.64611773263279
-4.570000000000116,45.93721715413488
-4.560000000000116,39.70059713616689
-4.550000000000116,34.585141052425946
-4.540000000000116,30.33851182583296
-4.530000000000117,26.77558646490283
-4.520000000000117,23.758061196779284
-4.510000000000117,21.18092756527004
-4.500000000000117,18.963295915027345
-4.4900000000001175,17.042141094610823
-4.480000000000118,15.36739778264661
-4.470000000000118,13.899396911687301
-4.460000000000118,12.606069730214154
-4.450000000000118,11.461335489253637
-4.4400000000001185,10.443807266340642
-4.430000000000119,9.535812728962233
-4.420000000000119,8.722645199457018
-4.410000000000119,7.9919851386889045
-4.400000000000119,7.3334491299361355
-4.39000000000012,6.738235232177446
-4.38000000000012,6.198841869199445
-4.37000000000012,5.7088433318627
-4.36000000000012,5.262709229242216
-4.35000000000012,4.855658324560745
-4.340000000000121,4.483539471157182
-4.330000000000121,4.142734055089568
-4.320000000000121,3.830075616993086
-4.310000000000121,3.542783281267253
-4.3000000000001215,3.278406347344127
-4.290000000000122,3.0347779545358082
-4.280000000000122,2.8099761614866225
-4.270000000000122,2.6022911148241326
-4.260000000000122,2.4101972422785076
-4.250000000000123,2.2323296104680996
-4.240000000000123,2.067463749570535
-4.230000000000123,1.9144983758895058
-4.220000000000123,1.7724405462377588
-4.210000000000123,1.6403928606900922
-4.200000000000124,1.5175423969292714
-4.190000000000124,1.403151113439581
-4.180000000000124,1.2965475027831375
-4.170000000000124,1.1971193121412007
-4.1600000000001245,1.1043071778043294
-4.150000000000125,1.0175990445960652
-4.140000000000125,0.9365252613092958
-4.130000000000125,0.8606542599075617
-4.120000000000125,0.7895854412442601
-4.1100000000001256,0.7229594453065629
-4.100000000000126,0.6604339462859583
-4.090000000000126,0.6016956724718978
-4.080000000000126,0.5464542125356324
-4.070000000000126,0.4944398984275359
-4.060000000000127,0.44540191153842557
-4.050000000000127,0.39910658508359326
-4.040000000000127,0.3553358792417637
-4.030000000000127,0.3138860086328102
-4.0200000000001275,0.2745662043309963
-4.010000000000128,0.23719759485184355
-4.000000000000128,0.20161219247742837
-3.990000000000128,0.16765197294447715
-3.9800000000001283,0.1351680379515378
-3.9700000000001285,0.10401985117857226
-3.9600000000001288,0.0740745395829504
-3.950000000000129,0.04520625266317574
-3.940000000000129,0.01729557318553221
-3.9300000000001294,-0.009771026433915808
-3.9200000000001296,-0.03610168729509411
-3.91000000000013,-0.06179963140650235
-3.90000000000013,-0.08696359753054028
-3.8900000000001302,-0.11168824931615629
-3.8800000000001305,-0.1360645592170916
-3.8700000000001307,-0.16018017140660812
-3.860000000000131,-0.18411974665607234
-3.850000000000131,-0.2079652919410634
-3.8400000000001313,-0.23179647737139797
-3.8300000000001315,-0.25569344873238486
-3.8200000000001317,-0.2797269797996649
-3.810000000000132,-0.303974182420212
-3.800000000000132,-0.3285083780607865
-3.7900000000001324,-0.3534020292596506
-3.7800000000001326,-0.3787270297196198
-3.770000000000133,-0.4045549978938502
-3.760000000000133,-0.430957576453748
-3.7500000000001332,-0.4580067401463114
-3.7400000000001334,-0.4857751147046262
-3.7300000000001337,-0.514336309674488
-3.720000000000134,-0.5437652682672764
-3.710000000000134,-0.5741386376509606
-3.7000000000001343,-0.6055351634554992
-3.6900000000001345,-0.6380361127058493
-3.6800000000001347,-0.6717257299172531
-3.670000000000135,-0.7066917317085394
-3.660000000000135,-0.7430258460275169
-3.6500000000001354,-0.7808244029606
-3.6400000000001356,-0.8201889851433012
-3.630000000000136,-0.8612271470329593
-3.620000000000136,-0.904053213790454
-3.610000000000136,-0.948789172294886
-3.6000000000001364,-0.9955656689472915
-3.5900000000001366,-1.0445231314843602
-3.580000000000137,-1.0958130351202837
-3.570000000000137,-1.1495993370861868
-3.5600000000001373,-1.2060601082002085
-3.5500000000001375,-1.2653893956735494
-3.5400000000001377,-1.3277993581930312
-3.530000000000138,-1.3935227227430635
-3.520000000000138,-1.4628129434648265
-3.5100000000001383,-1.5359582551698159
-3.5000000000001386,-1.613269305485229
-3.4900000000001388,-1.6950944899964187
-3.480000000000139,-1.781822508608124
-3.470000000000139,-1.873888600856008
-3.4600000000001394,-1.9717819488999067
-3.4500000000001396,-2.0760545135265467
-3.44000000000014,-2.1873316396071143
-3.43000000000014,-2.3063248607656543
-3.4200000000001403,-2.4338474564919665
-3.4100000000001405,-2.570833479814445
-3.4000000000001407,-2.718361195958652
-3.390000000000141,-2.877682175273187
-3.380000000000141,-3.0502577008910996
-3.3700000000001413,-3.2378047331692876
-3.3600000000001415,-3.4423544941734256
-3.3500000000001418,-3.6663279113476634
-3.340000000000142,-3.912633868768471
-3.330000000000142,-4.184798740139086
-3.3200000000001424,-4.487139477590042
-3.3100000000001426,-4.824998361002753
-3.300000000000143,-5.20506665594462
-3.290000000000143,-5.635839116570211
-3.2800000000001432,-6.128265509227405
-3.2700000000001435,-6.696706561140138
-3.2600000000001437,-7.360374304572182
-3.250000000000144,-8.14556959738725
-3.240000000000144,-9.089283875418227
-3.2300000000001443,-10.245245321866344
-3.2200000000001445,-11.694591765805688
-3.2100000000001447,-13.565904760378539
-3.200000000000145,-16.075824026760166
-3.190000000000145,-19.620002753474008
-3.1800000000001454,-25.005491330117216
-3.1700000000001456,-34.178169433256095
-3.160000000000146,-53.30860890513801
-3.150000000000146,-117.92520653203736
-3.1400000000001462,629.1837281966874
-3.1300000000001464,87.25712364438168
-3.1200000000001467,47.295053951151395
-3.110000000000147,32.62624162156382
-3.100000000000147,25.00664633111921
-3.0900000000001473,20.337118400769025
-3.0800000000001475,17.180642775119946
-3.0700000000001477,14.903095523011032
-3.060000000000148,13.18122718781859
-3.050000000000148,11.83295635751206
-3.0400000000001484,10.747891579917486
-3.0300000000001486,9.855209807966201
-3.020000000000149,9.107385358014984
-3.010000000000149,8.471337737469403
-3.000000000000149,7.923330611645174
-2.9900000000001494,7.445889761067683
-2.9800000000001496,7.0258654229000825
-2.97000000000015,6.653172171349004
-2.96000000000015,6.319956979101736
-2.9500000000001503,6.019971008172327
-2.9400000000001505,5.748237923437873
-2.9300000000001507,5.500710363350583
-2.920000000000151,5.2740707489545375
-2.910000000000151,5.0655737330711705
-2.9000000000001513,4.872927781894639
-2.8900000000001516,4.694205001445419
-2.8800000000001518,4.527771650960495
-2.870000000000152,4.372234011557087
-2.860000000000152,4.226395793228352
-2.8500000000001524,4.089224310431608
-2.8400000000001526,3.9598233912300063
-2.830000000000153,3.837411507438981
-2.820000000000153,3.721303989496884
-2.8100000000001533,3.610898463922031
-2.8000000000001535,3.5056628531327783
-2.7900000000001537,3.4051254276368583
-2.780000000000154,3.308866513434273
-2.770000000000154,3.2165115429879743
-2.7600000000001543,3.127725203459048
-2.7500000000001545,3.0422064862295146
-2.7400000000001548,2.959684480784273
-2.730000000000155,2.8799147865355135
-2.720000000000155,2.802676440171902
-2.7100000000001554,2.727769275111329
-2.7000000000001556,2.655011644761898
-2.690000000000156,2.5842384534093723
-2.680000000000156,2.515299448302418
-2.6700000000001562,2.448057734401002
-2.6600000000001565,2.3823884796741366
-2.6500000000001567,2.318177784080854
-2.640000000000157,2.255321689676854
-2.630000000000157,2.1937253128426994
-2.6200000000001573,2.1333020825726123
-2.6100000000001575,2.0739730712111295
-2.6000000000001577,2.0156664060697755
-2.590000000000158,1.9583167520709708
-2.580000000000158,1.9018648570108772
-2.5700000000001584,1.8462571522545201
-2.5600000000001586,1.791445402714133
-2.550000000000159,1.7373830119829936
-2.540000000000159,1.6840385563668951
-2.5300000000001592,1.631374466148778
-2.5200000000001594,1.579361158776109
-2.5100000000001597,1.5279732144252556
-2.50000000000016,1.4771892344050217
-2.49000000000016,1.4269917248178428
-2.4800000000001603,1.3773670038487902
-2.4700000000001605,1.328305131361177
-2.4600000000001607,1.279796223066556
-2.450000000000161,1.2318453703001122
-2.440000000000161,1.1844495653737925
-2.4300000000001614,1.137613549805855
-2.4200000000001616,1.091345761405139
-2.410000000000162,1.0456583845128353
-2.400000000000162,1.0005674202986543
-2.390000000000162,0.9560927776900503
-2.3800000000001624,0.9122583857422597
-2.3700000000001626,0.8690923284966101
-2.360000000000163,0.8266270036289223
-2.350000000000163,0.7848993064629948
-2.3400000000001633,0.7439508412207387
-2.3300000000001635,0.7038281617056925
-2.3200000000001637,0.6645830439759585
-2.310000000000164,0.6262727939626992
-2.300000000000164,0.5889605934384603
-2.2900000000001643,0.5527158882443556
-2.2800000000001646,0.5176148232563378
-2.2700000000001648,0.4837407292199666
-2.260000000000165,0.4511846673235024
-2.250000000000165,0.42004603822680925
-2.2400000000001654,0.39043326323674976
-2.2300000000001656,0.36246454644064174
-2.220000000000166,0.33626872790383955
-2.210000000000166,0.31198623953662463
-2.2000000000001663,0.289770176976297
-2.1900000000001665,0.2697875028568302
-2.1800000000001667,0.2522203992038449
-2.170000000000167,0.23726778946077753
-2.160000000000167,0.22514705390021486
-2.1500000000001673,0.2160959659957882
-2.1400000000001675,0.21037488183832856
-2.1300000000001678,0.20826922001351694
-2.120000000000168,0.21009227568618122
-2.110000000000168,0.21618842016626225
-2.1000000000001684,0.22693674621887144
-2.0900000000001686,0.2427552301416149
-2.080000000000169,0.26410549455817667
-2.070000000000169,0.29149827145588136
-2.0600000000001693,0.32549968383640315
-2.0500000000001695,0.36673848721865615
-2.0400000000001697,0.41591116261604855
-2.03000000000017,0.47380460248258816
-2.02000000000017,0.5412881583353774
-2.0100000000001703,0.6193394118135608
-2.0000000000001705,0.7090564720462914
-1.9900000000001705,0.8116760381976085
-1.9800000000001705,0.9285946762134023
-1.9700000000001705,1.0613939744148495
-1.9600000000001705,1.2118704005038778
-1.9500000000001705,1.3820565841081738
-1.9400000000001705,1.5743205465827927
-1.9300000000001705,1.7913327591974335
-1.9200000000001705,2.0361835299034015
-1.9100000000001705,2.3124443403286095
-1.9000000000001704,2.624259483213875
-1.8900000000001704,2.976458532535408
-1.8800000000001704,3.3746952047053473
-1.8700000000001704,3.825619888118807
-1.8600000000001704,4.337095447024449
-1.8500000000001704,4.91846909044882
-1.8400000000001704,5.580917496299925
-1.8300000000001704,6.337888523486092
-1.8200000000001704,7.205671520526852
-1.8100000000001704,8.204140643569545
-1.8000000000001704,9.357733568358244
-1.7900000000001703,10.696754391460168
-1.7800000000001703,12.25912893096917
-1.7700000000001703,14.092800449791717
-1.7600000000001703,16.259046257891963
-1.7500000000001703,18.837141362540336
-1.7400000000001703,21.931030108268075
-1.7300000000001703,25.679386035161308
-1.7200000000001703,30.268740110298364
-1.7100000000001703,35.95767937971951
-1.7000000000001703,43.110057275678294
-1.6900000000001703,52.25135095802536
-1.6800000000001702,64.16242123547993
-1.6700000000001702,80.04313505523209
-1.6600000000001702,101.81215345887968
-1.6500000000001702,132.6892171509989
-1.6400000000001702,178.40980837715745
-1.6300000000001702,249.99614197758552
-1.6200000000001702,370.8555067413299
-1.6100000000001702,598.0578867448867
-1.6000000000001702,1102.4483686538829
-1.5900000000001702,2605.8648034414086
-1.5800000000001702,11586.030783221888
-1.5700000000001701,1579456.8885611207
-1.5600000000001701,8762.442159511727
-1.5500000000001701,2406.6675416337443
-1.5400000000001701,1117.6056605944761
-1.5300000000001701,648.1151957659861
-1.52000000000017,425.1649178512852
-1.51000000000017,301.66410496142635
-1.50000000000017,225.96972684633113
-1.49000000000017,176.12756943413288
-1.48000000000017,141.50329157911483
-1.47000000000017,116.43080784216673
-1.46000000000017,97.66308032937087
-1.45000000000017,83.229040747118
-1.44000000000017,71.87494337131747
-1.43000000000017,62.77184293083973
-1.42000000000017,55.35350035898823
-1.41000000000017,49.22220610551033
-1.40000000000017,44.091287784885175
-1.39000000000017,39.75169274080932
-1.38000000000017,36.04516365356478
-1.37000000000017,32.852203681655645
-1.36000000000017,30.08036389151781
-1.35000000000017,27.657314488586778
-1.34000000000017,25.525787267581254
-1.33000000000017,23.639945166202466
-1.32000000000017,21.9627358774338
-1.31000000000017,20.46393557425033
-1.30000000000017,19.118684122842136
-1.29000000000017,17.90637530813822
-1.28000000000017,16.809806847405856
-1.2700000000001699,15.81452280472374
-1.2600000000001699,14.908300091370187
-1.2500000000001699,14.080743989367944
-1.2400000000001699,13.322966964567575
-1.2300000000001698,12.627331683313146
-1.2200000000001698,11.987243937625156
-1.2100000000001698,11.396984673345685
-1.2000000000001698,10.851572882686753
-1.1900000000001698,10.34665302867692
-1.1800000000001698,9.878402096767516
-1.1700000000001698,9.443452447237318
-1.1600000000001698,9.038827462912232
-1.1500000000001698,8.661887616214168
-1.1400000000001698,8.310285065682312
-1.1300000000001698,7.981925270022312
-1.1200000000001697,7.674934403386082
-1.1100000000001697,7.387631588264857
-1.1000000000001697,7.118519821765024
-1.0900000000001697,6.866207670084344
-1.0800000000001697,6.6294774033879005
-1.0700000000001697,6.407213507061983
-1.0600000000001697,6.198403419320106
-1.0500000000001697,6.002126108682913
-1.0400000000001697,5.817542118356861
-1.0300000000001697,5.643884865773629
-1.0200000000001697,5.480453019438355
-1.0100000000001697,5.326603803190314
-1.0000000000001696,5.181747101128318
-0.9900000000001696,5.045340255690669
-0.9800000000001696,4.916883467421319
-0.9700000000001696,4.79591571837634
-0.9600000000001696,4.682011152391119
-0.9500000000001696,4.574775854915186
-0.9400000000001696,4.47384498313313
-0.9300000000001696,4.378880203876216
-0.9200000000001696,4.2895674025933594
-0.9100000000001696,4.205614631559934
-0.9000000000001696,4.126750269696194
-0.8900000000001695,4.052710629165006
-0.8800000000001695,3.9832828896307593
-0.8700000000001695,3.918234756805032
-0.8600000000001695,3.857360990242504
-0.8500000000001695,3.800469904618042
-0.8400000000001695,3.7473823889152316
-0.8300000000001695,3.6979310207165046
-0.8200000000001695,3.651959266081643
-0.8100000000001695,3.609320756638771
-0.8000000000001695,3.5698786365089714
-0.7900000000001695,3.533504972562232
-0.7800000000001694,3.500080222275525
-0.7700000000001694,3.4694927541483085
-0.7600000000001694,3.441638416238874
-0.7500000000001694,3.4164201489279136
-0.7400000000001694,3.393747638502708
-0.7300000000001694,3.3735370085947736
-0.7200000000001694,3.355710546903034
-0.7100000000001694,3.340196464999832
-0.7000000000001694,3.3269286893545087
-0.6900000000001694,3.3158466820238326
-0.6800000000001694,3.3068952897553636
-0.6700000000001693,3.3000287563121873
-0.6600000000001693,3.2951946522826434
-0.6500000000001693,3.292356975210442
-0.6400000000001693,3.291481148100151
-0.6300000000001693,3.2925376265327975
-0.6200000000001693,3.2955019074696077
-0.6100000000001693,3.3003545654452022
-0.6000000000001693,3.307081317165255
-0.5900000000001693,3.31567311586522
-0.5800000000001693,3.326126277160589
-0.5700000000001693,3.338442638533258
-0.5600000000001693,3.352629755062168
-0.5500000000001692,3.3687011345302764
-0.5400000000001692,3.386676515636869
-0.5300000000001692,3.406582193729699
-0.5200000000001692,3.4284513992635626
-0.5100000000001692,3.4523247351130504
-0.5000000000001692,3.478250679944142
-0.4900000000001692,3.5062861661148856
-0.4800000000001692,3.536497242069809
-0.47000000000016917,3.568959830965577
-0.46000000000016916,3.6037597360067353
-0.45000000000016915,3.640997007931597
-0.44000000000016914,3.6807821860260046
-0.43000000000016914,3.7232407374761225
-0.4200000000001691,3.7685138266802944
-0.4100000000001691,3.816760051097485
-0.4000000000001691,3.8681574461761823
-0.3900000000001691,3.92290580712945
-0.3800000000001691,3.981229385418684
-0.3700000000001691,4.0433800303578
-0.3600000000001691,4.109640861932525
-0.35000000000016906,4.180330580641757
-0.34000000000016906,4.2558085450952925
-0.33000000000016905,4.336480779824813
-0.32000000000016904,4.422807116407079
-0.31000000000016903,4.515309723436806
-0.300000000000169,4.614583349054625
-0.290000000000169,4.721307689056468
-0.280000000000169,4.836262411640074
-0.270000000000169,4.9603455272143355
-0.260000000000169,5.094596003540023
-0.250000000000169,5.240221814574306
-0.24000000000016897,5.398635007532948
-0.23000000000016896,5.571495923835485
-0.22000000000016895,5.760769486219667
-0.21000000000016894,5.968797573768425
-0.20000000000016893,6.198393115303864
-0.19000000000016892,6.4529639023334395
-0.1800000000001689,6.7366776788286895
-0.1700000000001689,7.054671430547362
-0.1600000000001689,7.413444583029601
-0.1500000000001689,7.821077817573325
-0.14000000000016888,8.28810536425063
-0.13000000000016887,8.828256241917867
-0.12000000000016887,9.459838619391268
-0.11000000000016888,10.20782105801431
-0.10000000000016888,11.107162505945944
-0.09000000000016889,12.208362295026056
-0.0800000000001689,13.58717264193676
-0.0700000000001689,15.362636157349005
-0.0600000000001689,17.733160871669682
-0.050000000000168895,21.05588529979619
-0.040000000000168894,26.045091112106782
-0.03000000000016889,34.3674411581996
-0.02000000000016889,51.022931575948675
-0.01000000000016889,101.00989038459389
-1.6888920817414999E-13,NaN
0.009999999999831111,-5575.093678130817
0.01999999999983111,-2466.214404725605
0.029999999999831113,-1427.0163206203217
0.039999999999831115,-930.1328809199571
0.04999999999983112,-649.439787327918
0.05999999999983112,-474.44905915900785
0.06999999999983111,-357.9545916582033
0.07999999999983111,-276.6670042322701
0.0899999999998311,-217.90002477584912
0.0999999999998311,-174.22174360052637
0.1099999999998311,-141.02822884259322
0.11999999999983109,-115.33819491840002
0.12999999999983108,-95.1502244574521
0.1399999999998311,-79.07990647158542
0.1499999999998311,-66.14513707555248
0.1599999999998311,-55.63401238115458
0.16999999999983112,-47.020757241652184
0.17999999999983113,-39.91069656491461
0.18999999999983114,-34.00326797612842
0.19999999999983115,-29.0666553265536
0.20999999999983116,-24.920018947734967
0.21999999999983116,-21.420840662712816
0.22999999999983117,-18.455758591685818
0.23999999999983118,-15.933854246137702
0.2499999999998312,-13.781650279138786
0.2599999999998312,-11.939348556058208
0.2699999999998312,-10.357979427434481
0.2799999999998312,-8.997200471037146
0.2899999999998312,-7.8236024572786524
0.29999999999983123,-6.809375905639108
0.30999999999983124,-5.93127014830387
0.31999999999983125,-5.169759748026388
0.32999999999983126,-4.50838466718206
0.33999999999983127,-3.9332185491981737
0.3499999999998313,-3.4324368497684574
0.3599999999998313,-2.9959687305166134
0.3699999999998313,-2.6152120219162436
0.3799999999998313,-2.2827975553244704
0.3899999999998313,-1.9923969035877414
0.3999999999998313,-1.7385628696918287
0.40999999999983133,-1.5165951427844184
0.41999999999983134,-1.3224302882327834
0.42999999999983135,-1.1525482942331429
0.43999999999983136,-1.0038949521388858
0.44999999999983137,-0.8738149444036691
0.4599999999998314,-0.7599967815969063
0.4699999999998314,-0.6604252403621593
0.4799999999998314,-0.5733410789549731
0.4899999999998314,-0.4972066190002425
0.4999999999998314,-0.43067655931613225
0.5099999999998314,-0.37257241502622096
0.5199999999998314,-0.3218611249531771
0.5299999999998314,-0.277636316349647
0.5399999999998314,-0.23910220437236504
0.5499999999998314,-0.20555964143903135
0.5599999999998314,-0.17639417529015858
0.5699999999998314,-0.1510653772595886
0.5799999999998314,-0.1290978917715339
0.5899999999998314,-0.11007346440054326
0.5999999999998314,-0.09362402791270474
0.6099999999998315,-0.07942566299033178
0.6199999999998315,-0.06719331561529845
0.6299999999998315,-0.05667616098925554
0.6399999999998315,-0.047653586321570164
0.6499999999998315,-0.039931560601284964
0.6599999999998315,-0.033339554131528115
0.6699999999998315,-0.027727767929967513
0.6799999999998315,-0.0229647066455992
0.6899999999998315,-0.018935038743658393
0.6999999999998315,-0.015537708313182925
0.7099999999998315,-0.012684267556694386
0.7199999999998316,-0.01029740026677087
0.7299999999998316,-0.008309630832702447
0.7399999999998316,-0.0066621499985210705
0.7499999999998316,-0.005303809454246029
0.7599999999998316,-0.00419021230514761
0.7699999999998316,-0.003282911166816642
0.7799999999998316,-0.0025486971476988865
0.7899999999998316,-0.0019589692176669583
0.7999999999998316,-0.0014891747335519909
0.8099999999998316,-0.0011183130015963055
0.8199999999998316,-8.284947247715958E-4
0.8299999999998317,-6.045507521552276E-4
0.8399999999998317,-4.33686367983034E-4
0.8499999999998317,-3.051712653463502E-4
0.8599999999998317,-2.100681413672559E-4
0.8699999999998317,-1.4098993701813816E-4
0.8799999999998317,-9.188511372063807E-5
0.8899999999998317,-5.784739343693801E-5
0.8999999999998317,-3.494728105656019E-5
0.9099999999998317,-2.0082987936721937E-5
0.9199999999998317,-1.0848640441227481E-5
0.9299999999998317,-5.417891553485125E-6
0.9399999999998317,-2.4412586342419875E-6
0.9499999999998318,-9.557113416704579E-7
0.9599999999998318,-3.0513708066991173E-7
0.9699999999998318,-7.056948286270294E-8
0.9799999999998318,-9.058823916690391E-9
0.9899999999998318,-2.760112831065394E-10
0.9999999999998318,0.0
1.0099999999998317,2.6254972574284035E-10
1.0199999999998317,8.196680864564591E-9
1.0299999999998317,6.073766625302907E-8
1.0399999999998317,2.4980511614460097E-7
1.0499999999998317,7.441923567673181E-7
1.0599999999998317,1.808040064231197E-6
1.0699999999998318,3.816277833405546E-6
1.0799999999998318,7.2673927630063665E-6
1.0899999999998318,1.279376473456774E-5
1.0999999999998318,2.116997779514029E-5
1.1099999999998318,3.3319204699217995E-5
1.1199999999998318,5.0317980792410036E-5
1.1299999999998318,7.33995306960254E-5
1.1399999999998318,1.0395582908814722E-4
1.1499999999998318,1.435385532699873E-4
1.1599999999998318,1.9385906851346617E-4
1.1699999999998318,2.567875722148721E-4
1.1799999999998319,3.3435150944901415E-4
1.1899999999998319,4.2873336046711546E-4
1.1999999999998319,5.422678898661052E-4
1.2099999999998319,6.774389374485797E-4
1.2199999999998319,8.36876386394825E-4
1.229999999999832,0.0010233502987745313
1.239999999999832,0.001239769322625019
1.249999999999832,0.0014891747335404805
1.259999999999832,0.0017747362171345992
1.269999999999832,0.0020997471639352945
1.279999999999832,0.002467619866741831
1.289999999999832,0.002881880651244946
1.299999999999832,0.0033461649670348307
1.309999999999832,0.0038642124628244295
1.319999999999832,0.004439862066757375
1.329999999999832,0.005077047090018508
1.339999999999832,0.005779790369588153
1.349999999999832,0.006552199463852683
1.359999999999832,0.007398461912878768
1.369999999999832,0.008322840573453486
1.379999999999832,0.009329669037468988
1.389999999999832,0.0104233471408698
1.399999999999832,0.01160834037296072
1.409999999999832,0.012889161540008603
1.419999999999832,0.014270386197517323
1.429999999999832,0.015756636317322582
1.439999999999832,0.017352579206386082
1.449999999999832,0.01906292365319614
1.459999999999832,0.020892416188011707
1.469999999999832,0.022845837457513295
1.4799999999998321,0.02492799871396137
1.4899999999998321,0.027143738418559212
1.4999999999998321,0.029497918958362006
1.5099999999998321,0.03199542347576675
1.5199999999998322,0.03464115280935104
1.5299999999998322,0.03744002254459684
1.5399999999998322,0.04039696017284064
1.5499999999998322,0.043516902356620944
1.5599999999998322,0.04680479229945674
1.5699999999998322,0.050265577217969856
1.5799999999998322,0.053904205914169126
1.5899999999998322,0.05772562644563771
1.5999999999998322,0.06173478389130302
1.6099999999998322,0.06593663251569533
1.6199999999998322,0.07033607946465158
1.6299999999998322,0.07493806027311709
1.6399999999998323,0.0797474876754425
1.6499999999998323,0.08476926161717369
1.6599999999998323,0.09000826754502572
1.6699999999998323,0.09546937477564922
1.6799999999998323,0.10115743494080559
1.6899999999998323,0.10707728050658909
1.6999999999998323,0.11323372336436428
1.7099999999998323,0.11963155349112103
1.7199999999998323,0.1262755376769919
1.7299999999998323,0.13317041831770493
1.7399999999998323,0.1403209122697985
1.7499999999998324,0.1477317097664648
1.7599999999998324,0.15540747339193203
1.7699999999998324,0.1633528371123477
1.7799999999998324,0.17157240536116775
1.7899999999998324,0.18007075217710977
1.7999999999998324,0.18885242039277259
1.8099999999998324,0.19792192087208413
1.8199999999998324,0.20728373179476994
1.8299999999998324,0.21694229798610784
1.8399999999998324,0.22690206824137021
1.8499999999998324,0.23716734879503712
1.8599999999998325,0.24774251370423284
1.8699999999998325,0.2586318686146057
1.8799999999998325,0.2698396830967853
1.8899999999998325,0.2813701902145688
1.8999999999998325,0.2932275861275508
1.9099999999998325,0.305416029726819
1.9199999999998325,0.31793964230239596
1.9299999999998325,0.3308025072411435
1.9399999999998325,0.3440086697538896
1.9499999999998325,0.35756213663056846
1.9599999999998325,0.3714668760222357
1.9699999999998326,0.3857268172488076
1.9799999999998326,0.4003458506314705
1.9899999999998326,0.4153278273486905
1.9999999999998326,0.43067655931482546
2.0099999999998324,0.4463958190803684
2.019999999999832,0.4624893397528627
2.029999999999832,0.47896081493759685
2.0399999999998317,0.49581389869719955
2.0499999999998315,0.513052205529282
2.0599999999998313,0.5306793103613218
2.069999999999831,0.5486987485619937
2.079999999999831,0.5671140159682042
2.0899999999998307,0.5859286552665846
2.0999999999998304,0.60514592115022
2.1099999999998302,0.6247692681682302
2.11999999999983,0.6448020346929644
2.12999999999983,0.6652475199189242
2.1399999999998296,0.6861089839700235
2.1499999999998294,0.7073896480179874
2.159999999999829,0.729092694411319
2.169999999999829,0.7512212668143173
2.1799999999998287,0.7737784703556021
2.1899999999998285,0.7967673717856602
2.1999999999998283,0.8201909996429451
2.209999999999828,0.8440523444280287
2.219999999999828,0.8683543587854287
2.2299999999998277,0.8930999576926009
2.2399999999998275,0.9182920186557647
2.2499999999998272,0.9439333819121186
2.259999999999827,0.9700268506380888
2.269999999999827,0.9965751911632329
2.2799999999998266,1.0235811331894695
2.2899999999998264,1.0510473700152874
2.299999999999826,1.0789765587645983
2.309999999999826,1.1073713206199562
2.3199999999998258,1.1362342410598196
2.3299999999998255,1.1655678700995844
2.3399999999998253,1.1953748720394064
2.349999999999825,1.2256574426945503
2.359999999999825,1.256418163008085
2.3699999999998247,1.2876594437215134
2.3799999999998245,1.3193836613723418
2.3899999999998243,1.3515931585527088
2.399999999999824,1.3842902441700864
2.409999999999824,1.4174771937098936
2.4199999999998236,1.4511562494997703
2.4299999999998234,1.4853296209753997
2.439999999999823,1.519999484947618
2.449999999999823,1.555167985870718
2.4599999999998228,1.5908372361117338
2.4699999999998226,1.6270093162205763
2.4799999999998223,1.6636862752008403
2.489999999999822,1.7008701307811902
2.499999999999822,1.738562869687154
2.5099999999998217,1.7767664479131748
2.5199999999998215,1.8154827909948632
2.5299999999998213,1.8547137942812735
2.539999999999821,1.8944613232071137
2.549999999999821,1.9347272135647524
2.5599999999998206,1.9755132717760133
2.5699999999998204,2.0168212751635153
2.57999999999982,2.0586529722215903
2.58999999999982,2.101010304167848
2.59999999999982,2.1438945391025177
2.6099999999998196,2.187307544366682
2.6199999999998194,2.231250955933289
2.629999999999819,2.275726382296781
2.639999999999819,2.320735404739665
2.6499999999998187,2.366279577598167
2.6599999999998185,2.4123604285267115
2.6699999999998183,2.4589794587614233
2.679999999999818,2.506138143382322
2.689999999999818,2.5538379315744058
2.6999999999998177,2.6020802468873816
2.7099999999998174,2.650866487494107
2.7199999999998172,2.7001980264477026
2.729999999999817,2.750076211937177
2.739999999999817,2.800502367541714
2.7499999999998166,2.8514777924833763
2.7599999999998164,2.9030037618783817
2.769999999999816,2.9550815269867954
2.779999999999816,3.007712315460625
2.7899999999998157,3.0608973315903736
2.7999999999998155,3.1146377565499366
2.8099999999998153,3.1689347486397965
2.819999999999815,3.2237894435286436
2.829999999999815,3.279202954493222
2.8399999999998147,3.335176372656488
2.8499999999998145,3.3917107672240525
2.8599999999998142,3.448807528770174
2.869999999999814,3.506467022703318
2.879999999999814,3.5646905731601075
2.8899999999998136,3.6234791641005817
2.8999999999998134,3.6828337587276443
2.909999999999813,3.742755299712912
2.919999999999813,3.8032447094209165
2.9299999999998128,3.864302890131367
2.9399999999998125,3.925930724259649
2.9499999999998123,3.9881290745754745
2.959999999999812,4.050898784419755
2.969999999999812,4.114240677919508
2.9799999999998117,4.178155560201121
2.9899999999998115,4.242644217601589
2.9999999999998113,4.307707417878068
3.009999999999811,4.373345910415482
3.019999999999811,4.439560426432382
3.0299999999998106,4.506351679184864
3.0399999999998104,4.573720364168741
3.04999999999981,4.641667159319927
3.05999999999981,4.710192725212826
3.0699999999998098,4.779297705257119
3.0799999999998096,4.848982725892512
3.0899999999998093,4.9192483967818275
3.099999999999809,4.9900953110023
3.109999999999809,5.061524045234922
3.1199999999998087,5.133535612535996
3.1299999999998085,5.206129681960838
3.1399999999998083,5.279307206664127
3.149999999999808,5.353068699687983
3.159999999999808,5.427414658602469
3.1699999999998076,5.502345565684486
3.1799999999998074,5.577861888094977
3.189999999999807,5.6539640780543765
3.199999999999807,5.730652573016281
3.209999999999807,5.807927795839494
3.2199999999998066,5.88579015495833
3.2299999999998064,5.9642400445511585
3.239999999999806,6.0432778447074735
3.249999999999806,6.122903921592925
3.2599999999998057,6.203118627613132
3.2699999999998055,6.28392230157541
3.2799999999998053,6.365315268849204
3.289999999999805,6.4472978415247395
3.299999999999805,6.529870318569968
3.3099999999998047,6.613032985986088
3.3199999999998044,6.6967861169613885
3.3299999999998042,6.781129972023489
3.339999999999804,6.866064799189962
3.349999999999804,6.951590834117614
3.3599999999998036,7.037708300249864
3.3699999999998034,7.124417408962971
3.379999999999803,7.211718359710424
3.389999999999803,7.299611938631485
3.3999999999998027,7.388097160023373
3.4099999999998025,7.477174753526808
3.4199999999998023,7.566844872401824
3.429999999999802,7.657107658688882
3.439999999999802,7.7479632433447305
3.4499999999998017,7.839411746376609
3.4599999999998015,7.931453276975092
3.4699999999998012,8.024087933645655
3.479999999999801,8.117315804338538
3.489999999999801,8.211136966577554
3.4999999999998006,8.305551487587305
3.5099999999998004,8.400559424419114
3.5199999999998,8.496160824075618
3.5299999999998,8.592355723633977
3.5399999999997998,8.689144150367751
3.5499999999997995,8.78652612186763
3.5599999999997993,8.884501646160482
3.569999999999799,8.983070721827639
3.579999999999799,9.082233338121332
3.5899999999997987,9.18198947508046
3.5999999999997985,9.28233910364452
3.6099999999997983,9.383282185766749
3.619999999999798,9.484818674525757
3.629999999999798,9.586948514236116
3.6399999999997976,9.689671640557613
3.6499999999997974,9.792987980603392
3.659999999999797,9.896897453046885
3.669999999999797,10.001400760615802
3.6799999999997968,10.106496262557137
3.6899999999997966,10.212184605290037
3.6999999999997963,10.318465674854362
3.709999999999796,10.425339349370178
3.719999999999796,10.53280549913805
3.7299999999997957,10.640863986737966
3.7399999999997955,10.74951466712739
3.7499999999997953,10.858757387738086
3.759999999999795,10.968591988571939
3.769999999999795,11.079018302295708
3.7799999999997946,11.190036154334681
3.7899999999997944,11.301645362965473
3.799999999999794,11.413845739407494
3.809999999999794,11.526637087913706
3.819999999999794,11.640019205860169
3.8299999999997936,11.753991883834725
3.8399999999997934,11.868554905724581
3.849999999999793,11.983708048803054
3.859999999999793,12.09945108381518
3.8699999999997927,12.21578377506254
3.8799999999997925,12.33270588048706
3.8899999999997923,12.450217151753858
3.899999999999792,12.568317334333198
3.909999999999792,12.687006167581508
3.9199999999997917,12.806283384821661
3.9299999999997914,12.926148713421956
3.9399999999997912,13.046602829857964
3.949999999999791,13.167643586027435
3.959999999999791,13.289271602687487
3.9699999999997906,13.411486584236224
3.9799999999997904,13.534288229502591
3.98999999999979,13.65767623182065
3.99999999999979,13.781650279102616
4.00999999999979,13.906210053911513
4.01999999999979,14.031355233532757
4.02999999999979,14.157085490044942
4.0399999999997895,14.283400490390052
4.049999999999789,14.410299896442643
4.059999999999789,14.537783365078267
4.069999999999789,14.665850548241355
4.079999999999789,14.794501093012004
4.0899999999997885,14.923734641672354
4.099999999999788,15.053550831771942
4.109999999999788,15.18394929619243
4.119999999999788,15.314929663211702
4.129999999999788,15.446491556566972
4.139999999999787,15.578634595517716
4.149999999999787,15.711358394906904
4.159999999999787,15.844662565222961
4.169999999999787,15.97854671265942
4.1799999999997866,16.11301043917542
4.189999999999786,16.248053342554478
4.199999999999786,16.383675016462803
4.209999999999786,16.519875050507572
4.219999999999786,16.656654198876982
4.2299999999997855,16.79400975785253
4.239999999999785,16.931942424025195
4.249999999999785,17.070451771398282
4.259999999999785,17.20953737019674
4.269999999999785,17.34919878692151
4.279999999999784,17.489435584402948
4.289999999999784,17.6302473218535
4.299999999999784,17.771633554919962
4.309999999999784,17.913593835735167
4.319999999999784,18.05612771296896
4.329999999999783,18.19923473187867
4.339999999999783,18.342914434359006
4.349999999999783,18.487166358991402
4.359999999999783,18.631990041092664
4.3699999999997825,18.777385012763446
4.379999999999782,18.92335080293564
4.389999999999782,19.06988693741971
4.399999999999782,19.216992938951037
4.409999999999782,19.364668327236277
4.419999999999781,19.512912618998758
4.429999999999781,19.661725328023397
4.439999999999781,19.811105965201502
4.449999999999781,19.96105403857454
4.459999999999781,20.111569053377647
4.46999999999978,20.26265051208285
4.47999999999978,20.414297914441384
4.48999999999978,20.566510757525695
4.49999999999978,20.719289925299776
4.5099999999997795,20.872632187405273
4.519999999999779,21.026538367849884
4.529999999999779,21.18100795346629
4.539999999999779,21.33604042861334
4.549999999999779,21.49163527521524
4.5599999999997785,21.647791972800505
4.569999999999778,21.804509998540187
4.579999999999778,21.961788827285957
4.589999999999778,22.119627931607646
4.599999999999778,22.278026781830306
4.609999999999777,22.436984846070814
4.619999999999777,22.5965015902743
4.629999999999777,22.756576478249777
4.639999999999777,22.917208971705858
4.6499999999997765,23.078398530285476
4.659999999999776,23.240144611600808
4.669999999999776,23.402446671267228
4.679999999999776,23.56530416293741
4.689999999999776,23.728716538334556
4.6999999999997755,23.89268324728573
4.709999999999775,24.05720373775451
4.719999999999775,24.22227745587289
4.729999999999775,24.387903845973902
4.739999999999775,24.55408235062276
4.749999999999774,24.720812410648175
4.759999999999774,24.888093465173387
4.769999999999774,25.05592495164626
4.779999999999774,25.22430792071512
4.7899999999997736,25.39323863826418
4.799999999999773,25.562718092414283
4.809999999999773,25.73274571427094
4.819999999999773,25.903320933413404
4.829999999999773,26.07444317792303
4.8399999999997725,26.246111874411937
4.849999999999772,26.418326448050315
4.859999999999772,26.59108632259419
4.869999999999772,26.76439092041281
4.879999999999772,26.938239662515077
4.889999999999771,27.112631968576796
4.899999999999771,27.287567256966256
4.909999999999771,27.463044944770875
4.919999999999771,27.639064447822427
4.929999999999771,27.81562518072258
4.93999999999977,27.992726556868067
4.94999999999977,28.170367988475494
4.95999999999977,28.348548886605673
4.96999999999977,28.527268661188003
4.9799999999997695,28.706526721044632
4.989999999999769,28.886322473913705
4.999999999999769,29.066655326473196
5.009999999999769,29.24752468436372
5.019999999999769,29.428929952211636
5.029999999999768,29.610870533651493
5.039999999999768,29.79334583134864
5.049999999999768,29.9763552470209
5.059999999999768,30.15989818146079
5.069999999999768,30.343975942092428
5.079999999999767,30.52858418029214
5.089999999999767,30.71372413640173
5.099999999999767,30.899395207781524
5.109999999999767,31.085596790973113
5.1199999999997665,31.272328281719446
5.129999999999766,31.459589074985523
5.139999999999766,31.647378564977465
5.149999999999766,31.835696145163265
5.159999999999766,32.0245412082913
5.1699999999997654,32.21391314640998
5.179999999999765,32.40381135088667
5.189999999999765,32.59423521242658
5.199999999999765,32.78518412109098
5.209999999999765,32.97665746631587
5.219999999999764,33.16865463692993
5.229999999999764,33.361175021172755
5.239999999999764,33.55421800671184
5.249999999999764,33.74778298066076
5.2599999999997635,33.94186932959636
5.269999999999763,34.136476439575326
5.279999999999763,34.33160369615176
5.289999999999763,34.527250484393484
5.299999999999763,34.723416188898426
5.3099999999997625,34.92010019381119
5.319999999999762,35.117301882839165
5.329999999999762,35.3150206392681
5.339999999999762,35.51325584597828
5.349999999999762,35.712009023900826
5.359999999999761,35.9112753492072
5.369999999999761,36.1110562732304
5.379999999999761,36.31135117743337
5.389999999999761,36.51215944295091
5.3999999999997605,36.71348045060298
5.40999999999976,36.91531358091028
5.41999999999976,37.117658214108296
5.42999999999976,37.32051373016144
5.43999999999976,37.523879508776716
5.4499999999997595,37.72775492941805
5.459999999999759,37.932139371319344
5.469999999999759,38.137032213498635
5.479999999999759,38.342432834770825
5.489999999999759,38.54834061376111
5.499999999999758,38.75475492891795
5.509999999999758,38.96167515852593
5.519999999999758,39.16910068071844
5.529999999999758,39.37703087349027
5.539999999999758,39.58546511470982
5.549999999999757,39.79440278213149
5.559999999999757,40.00384325340767
5.569999999999757,40.213785906101116
5.579999999999757,40.42423011769598
5.5899999999997565,40.6351752656101
5.599999999999756,40.84662072720643
5.609999999999756,41.05856587980396
5.619999999999756,41.27101010068964
5.629999999999756,41.48395276712901
5.639999999999755,41.697395697862156
5.649999999999755,41.91133346319184
5.659999999999755,42.125767807938914
5.669999999999755,42.3406981094414
5.679999999999755,42.556123745070394
5.689999999999754,42.77204409224063
5.699999999999754,42.9884585284207
5.709999999999754,43.20536643114269
5.719999999999754,43.42276717801298
5.7299999999997535,43.64066014672093
5.739999999999753,43.859044715049826
5.749999999999753,44.077920260885456
5.759999999999753,44.29728616222632
5.769999999999753,44.51714179719237
5.7799999999997524,44.73748654403467
5.789999999999752,44.958319781144674
5.799999999999752,45.179640887062476
5.809999999999752,45.40144924048656
5.819999999999752,45.62374422028211
5.829999999999751,45.84652520548993
5.839999999999751,46.069791575334605
5.849999999999751,46.293542709233684
5.859999999999751,46.517777986805136
5.8699999999997505,46.742496787876576
5.87999999999975,46.967698492492566
5.88999999999975,47.19338248092303
5.89999999999975,47.419548133671206
5.90999999999975,47.64619483148184
5.9199999999997495,47.873321955348
5.929999999999749,48.10093163534757
5.939999999999749,48.32901783597518
5.949999999999749,48.557582609290804
5.959999999999749,48.78662533740501
5.969999999999748,49.01614540271522
5.979999999999748,49.24614218791309
5.989999999999748,49.476615075991184
5.999999999999748,49.70756345025072
6.0099999999997475,49.93898669430796
6.019999999999747,50.17088419210101
6.029999999999747,50.40325532789682
6.039999999999747,50.63609948629755
6.049999999999747,50.86941605224743
6.0599999999997465,51.10320441103862
6.069999999999746,51.33746394831882
6.079999999999746,51.57219405009589
6.089999999999746,51.80739410274564
6.099999999999746,52.043063493016895
6.109999999999745,52.27920160803806
6.119999999999745,52.51580783532302
6.129999999999745,52.75288156277702
6.139999999999745,52.99042217870228
6.149999999999745,53.22842907180404
6.159999999999744,53.466901631196215
6.169999999999744,53.70583924640665
6.179999999999744,53.94524130738299
6.189999999999744,54.18510720449798
6.1999999999997435,54.425436328554476
6.209999999999743,54.666228070791945
6.219999999999743,54.90748488130363
6.229999999999743,55.149200120205066
6.239999999999743,55.39137615574098
6.249999999999742,55.63401238098824
6.259999999999742,55.877108189485256
6.269999999999742,56.12066297523771
6.279999999999742,56.36467613272261
6.289999999999742,56.60914705689337
6.299999999999741,56.85407514318428
6.309999999999741,57.099459787515656
6.319999999999741,57.34530038629751
6.329999999999741,57.591596336434954
6.3399999999997405,57.838347035331914
6.34999999999974,58.0855518808961
6.35999999999974,58.33321027154279
6.36999999999974,58.58132160619936
6.37999999999974,58.82988528430927
6.389999999999739,59.078900705836745
6.399999999999739,59.328367271269485
6.409999999999739,59.57828438162474
6.419999999999739,59.828651438451224
6.429999999999739,60.079467843834024
6.439999999999738,60.330733000398794
6.449999999999738,60.58244631131436
6.459999999999738,60.834607180297255
6.469999999999738,61.08721501161565
6.4799999999997375,61.34026921009192
6.489999999999737,61.5937691811076
6.499999999999737,61.847714330605264
6.509999999999737,62.10210743362086
6.519999999999737,62.35694124875668
6.5299999999997365,62.612218465658636
6.539999999999736,62.86793849259175
6.549999999999736,63.12410073840076
6.559999999999736,63.38070461251241
6.569999999999736,63.63774952493904
6.579999999999735,63.895234886282275
6.589999999999735,64.15316010773499
6.599999999999735,64.41152460108525
6.609999999999735,64.67032777871884
6.6199999999997345,64.92956905362219
6.629999999999734,65.18924783938535
6.639999999999734,65.4493635502047
6.649999999999734,65.70991560088603
6.659999999999734,65.97090340684694
6.6699999999997335,66.23232638411952
6.679999999999733,66.49418394935324
6.689999999999733,66.75647551981771
6.699999999999733,67.01920051340447
6.709999999999733,67.28235834863052
6.719999999999732,67.5459484446399
6.729999999999732,67.8099702212069
6.739999999999732,68.07442309873773
6.749999999999732,68.33930649827354
6.759999999999732,68.60461984149248
6.769999999999731,68.87036255071142
6.779999999999731,69.13653404888922
6.789999999999731,69.40313375962828
6.799999999999731,69.67016478492764
6.8099999999997305,69.93761928613414
6.81999999999973,70.20550027661442
6.82999999999973,70.4738071826049
6.83999999999973,70.74253943099636
6.84999999999973,71.01169644933688
6.859999999999729,71.2812776658323
6.869999999999729,71.55128250934946
6.879999999999729,71.8217104094178
6.889999999999729,72.09256079623073
6.899999999999729,72.36383310064743
6.909999999999728,72.63552675419528
6.919999999999728,72.90764118907147
6.929999999999728,73.18017583814373
6.939999999999728,73.45313013495345
6.9499999999997275,73.72650351371628
6.959999999999727,74.00029540932367
6.969999999999727,74.27450525734561
6.979999999999727,74.54913249403106
6.989999999999727,74.8241765563094
6.999999999999726,75.09963688179305
7.009999999999726,75.37551290877789
7.019999999999726,75.65180407624455
7.029999999999726,75.92850982386095
7.039999999999726,76.20562959198243
7.049999999999725,76.48316282165398
7.059999999999725,76.76110895461082
7.069999999999725,77.03946743328052
7.079999999999725,77.31823770078317
7.0899999999997245,77.59742318585504
7.099999999999724,77.87701545812446
7.109999999999724,78.15701785474837
7.119999999999724,78.43742982166748
7.129999999999724,78.71825080552097
7.1399999999997235,78.99948025364979
7.149999999999723,79.28111761409605
7.159999999999723,79.56316233560425
7.169999999999723,79.84561386762263
7.179999999999723,80.1284716603046
7.189999999999722,80.41173516450883
7.199999999999722,80.69540383180039
7.209999999999722,80.97947711445217
7.219999999999722,81.26395446544537
7.2299999999997215,81.54883533847023
7.239999999999721,81.83411918792731
7.249999999999721,82.11980546892825
7.259999999999721,82.40589363729583
7.269999999999721,82.69238314956614
7.2799999999997205,82.97927346298755
7.28999999999972,83.26656403552315
7.29999999999972,83.5542543258505
7.30999999999972,83.84234379336219
7.31999999999972,84.13083189816739
7.329999999999719,84.41971810109166
7.339999999999719,84.70900186367773
7.349999999999719,84.99868264818647
7.359999999999719,85.2887599175973
7.3699999999997186,85.57923313560808
7.379999999999718,85.87010176663708
7.389999999999718,86.16136966254832
7.399999999999718,86.45302761533435
7.409999999999718,86.74507938070123
7.4199999999997175,87.0375244259838
7.429999999999717,87.33036221923949
7.439999999999717,87.62359222924916
7.449999999999717,87.91721392551638
7.459999999999717,88.21122677826834
7.469999999999716,88.50563025845622
7.479999999999716,88.8004238377562
7.489999999999716,89.09560698856889
7.499999999999716,89.39117918401956
7.509999999999716,89.6871398979595
7.519999999999715,89.98348860496515
7.529999999999715,90.28022478033947
7.539999999999715,90.57734790011092
7.549999999999715,90.87485744103465
7.5599999999997145,91.1727528805925
7.569999999999714,91.47103369699323
7.579999999999714,91.769699369173
7.589999999999714,92.0687493767933
7.599999999999714,92.36818320024578
7.609999999999713,92.66800032064721
7.619999999999713,92.96820021984347
7.629999999999713,93.26878238040698
7.639999999999713,93.56974628563896
7.649999999999713,93.87109141956827
7.659999999999712,94.17281726695093
7.669999999999712,94.47492331327243
7.679999999999712,94.77741373424429
7.689999999999712,95.0802787397173
7.6999999999997115,95.38352240689657
7.709999999999711,95.68714422421017
7.719999999999711,95.99114368081563
7.729999999999711,96.29552026659785
7.739999999999711,96.60027347217145
7.7499999999997105,96.90540278887798
7.75999999999971,97.2109077087882
7.76999999999971,97.51678772470034
7.77999999999971,97.82304233014165
7.78999999999971,98.12967101936684
7.799999999999709,98.43667328735754
7.809999999999709,98.74404862982489
7.819999999999709,99.05179654320668
7.829999999999709,99.3599165246677
7.8399999999997085,99.66840807210093
7.849999999999708,99.97727068412559
7.859999999999708,100.28650386008836
7.869999999999708,100.5961071000623
7.879999999999708,100.90607990484733
7.8899999999997075,101.21642177596881
7.899999999999707,101.52713221567916
7.909999999999707,101.83821072695592
7.919999999999707,102.14965681350189
7.929999999999707,102.4614699797457
7.939999999999706,102.77364973084086
7.949999999999706,103.08619557266495
7.959999999999706,103.39910701182013
7.969999999999706,103.71238355563374
7.9799999999997056,104.02602980372149
7.989999999999705,104.34003518757184
7.999999999999705,104.65440420433188
8.009999999999705,104.96913636425167
8.019999999999705,105.2842311783024
8.029999999999704,105.59968815818068
8.039999999999704,105.91550681630042
8.049999999999704,106.23168666580158
8.059999999999704,106.54822722054274
8.069999999999704,106.86512799510464
8.079999999999703,107.18238850478765
8.089999999999703,107.50000826561197
8.099999999999703,107.81798679431796
8.109999999999703,108.13632360836509
8.119999999999703,108.4550182259311
8.129999999999702,108.7740701659124
8.139999999999702,109.09347894792262
8.149999999999702,109.41324409229344
8.159999999999702,109.73336512007289
8.169999999999702,110.05384155302555
8.179999999999701,110.37467291363147
8.189999999999701,110.69585872508603
8.1999999999997,111.01739851130044
8.2099999999997,111.33929179689882
8.2199999999997,111.66153810722042
8.2299999999997,111.98413696831659
8.2399999999997,112.30708790695276
8.2499999999997,112.63039045060474
8.2599999999997,112.95404412746166
8.2699999999997,113.27805385278225
8.2799999999997,113.60240849103383
8.289999999999699,113.92711285320665
8.299999999999699,114.25216647035698
8.309999999999699,114.57756887425148
8.319999999999698,114.90331959736599
8.329999999999698,115.22941817288351
8.339999999999698,115.5558641346943
8.349999999999698,115.88265701739556
8.359999999999697,116.20979635629125
8.369999999999697,116.5372816873894
8.379999999999697,116.86511254740356
8.389999999999697,117.19328847375292
8.399999999999697,117.52180900455835
8.409999999999696,117.85067367864384
8.419999999999696,118.17988203553732
8.429999999999696,118.50943361546605
8.439999999999696,118.83932795936008
8.449999999999696,119.16956460884947
8.459999999999695,119.5001431062633
8.469999999999695,119.83106299462997
8.479999999999695,120.16232381767641
8.489999999999695,120.49392511982654
8.499999999999694,120.82586644620206
8.509999999999694,121.1581473426207
8.519999999999694,121.49076735559422
8.529999999999694,121.82372603233112
8.539999999999694,122.15702292073419
8.549999999999693,122.49065756939797
8.559999999999693,122.82462952761023
8.569999999999693,123.15894412988202
8.579999999999693,123.49358946872735
8.589999999999693,123.82857077099995
8.599999999999692,124.16388758877768
8.609999999999692,124.49953947482715
8.619999999999692,124.83552598260431
8.629999999999692,125.17184666625391
8.639999999999691,125.50850108060624
8.649999999999691,125.84548878117744
8.659999999999691,126.18280932417109
8.66999999999969,126.52046226647494
8.67999999999969,126.85844716565867
8.68999999999969,127.19676357997963
8.69999999999969,127.53541106837234
8.70999999999969,127.87438919045645
8.71999999999969,128.2136975065313
8.72999999999969,128.5533355775771
8.73999999999969,128.89330296525267
8.74999999999969,129.23359923189594
8.759999999999689,129.57422394052108
8.769999999999689,129.91517665482144
8.779999999999688,130.25645693916454
8.789999999999688,130.59806435859429
8.799999999999688,130.9399984788284
8.809999999999688,131.28225886625913
8.819999999999688,131.62484508795097
8.829999999999687,131.96775671163985
8.839999999999687,132.31099330573426
8.849999999999687,132.65455443931185
8.859999999999687,132.99843968212116
8.869999999999687,133.34265478569628
8.879999999999686,133.6871870728319
8.889999999999686,134.03204218429468
8.899999999999686,134.37721969252544
8.909999999999686,134.72271917063372
8.919999999999686,135.0685401923929
8.929999999999685,135.4146823322399
8.939999999999685,135.7611451652751
8.949999999999685,136.10792826726194
8.959999999999685,136.4550312146234
8.969999999999684,136.80245358444495
8.979999999999684,137.15019495447083
8.989999999999684,137.4982549031037
8.999999999999684,137.84663300940502
9.009999999999684,138.19532885309314
9.019999999999683,138.54434201454194
9.029999999999683,138.89367207478085
9.039999999999683,139.2433186154953
9.049999999999683,139.59328121902203
9.059999999999683,139.943559468352
9.069999999999682,140.2941529471278
9.079999999999682,140.6450612396421
9.089999999999682,140.99628393083825
9.099999999999682,141.3478206063102
9.109999999999681,141.69967085229712
9.119999999999681,142.05183425568814
9.129999999999681,142.40431040401845
9.13999999999968,142.75709888546837
9.14999999999968,143.11019928886242
9.15999999999968,143.46361120367106
9.16999999999968,143.817340795254
9.17999999999968,144.17137462058756
9.18999999999968,144.52571873141312
9.19999999999968,144.88037271978934
9.20999999999968,145.23533617841593
9.21999999999968,145.59060870063206
9.229999999999679,145.94618988041125
9.239999999999679,146.30207931236805
9.249999999999678,146.65827659174963
9.259999999999678,147.01478131444003
9.269999999999678,147.37159307695813
9.279999999999678,147.72871147645324
9.289999999999678,148.0861361107099
9.299999999999677,148.44386657814368
9.309999999999677,148.80190247779933
9.319999999999677,149.16024340935175
9.329999999999677,149.51888897310553
9.339999999999677,149.8778387699904
9.349999999999676,150.23709240156677
9.359999999999676,150.59664947001858
9.369999999999676,150.95650957815408
9.379999999999676,151.3166723294083
9.389999999999675,151.67713732783653
9.399999999999675,152.03790417811905
9.409999999999675,152.39897248555445
9.419999999999675,152.76034185606508
9.429999999999675,153.12201189618958
9.439999999999674,153.483982213088
9.449999999999674,153.84625241453577
9.459999999999674,154.208822108926
9.469999999999674,154.57169787144943
9.479999999999674,154.93486549860265
9.489999999999673,155.2983314493572
9.499999999999673,155.6620953345866
9.509999999999673,156.0261567657753
9.519999999999673,156.39051535502045
9.529999999999673,156.7551707150315
9.539999999999672,157.12012245912337
9.549999999999672,157.4853702012221
9.559999999999672,157.85091355586067
9.569999999999672,158.216752138179
9.579999999999671,158.58288556392276
9.589999999999671,158.94931344944254
9.599999999999671,159.31603541169187
9.60999999999967,159.6830510682286
9.61999999999967,160.05036003721202
9.62999999999967,160.41796193740245
9.63999999999967,160.78585638815974
9.64999999999967,161.1540430094449
9.65999999999967,161.52252142181544
9.66999999999967,161.89129124642685
9.67999999999967,162.26035210503036
9.689999999999669,162.62970361997355
9.699999999999669,162.9993454141987
9.709999999999669,163.36927711124108
9.719999999999668,163.73949833522838
9.729999999999668,164.11000871088177
9.739999999999668,164.48080786350963
9.749999999999668,164.8518954190147
9.759999999999668,165.22327100388512
9.769999999999667,165.5949415984899
9.779999999999667,165.96689224542646
9.789999999999667,166.3391298064796
9.799999999999667,166.71165391050818
9.809999999999667,167.0844641869531
9.819999999999666,167.4575602658398
9.829999999999666,167.83094177777556
9.839999999999666,168.2046083539504
9.849999999999666,168.57855962613525
9.859999999999665,168.95279522667872
9.869999999999665,169.32731478851164
9.879999999999665,169.70211794513784
9.889999999999665,170.07720433064392
9.899999999999665,170.4525735796882
9.909999999999664,170.82822532750592
9.919999999999664,171.20415920990519
9.929999999999664,171.58037486327004
9.939999999999664,171.95687192455313
9.949999999999664,172.33365003128142
9.959999999999663,172.71070882155004
9.969999999999663,173.08804793402584
9.979999999999663,173.46566700794295
9.989999999999663,173.84356568310255
9.999999999999662,174.2217435998746
